company_name,source_exchange,source_code,yahoo_symbol_guess,mapping_note,duplicate_row
OBAYASHI CORPORATION,XFRA,OBA0,OBA0.F,auto (exchange suffix rule),
KIKKOMAN CORPORATION,XFRA,KIK,KIK.F,auto (exchange suffix rule),
"Ajinomoto Co., Inc.",XFRA,AJI,AJI.F,auto (exchange suffix rule),
Kioxia Holdings Corporation,XFRA,KI50,KI50.F,auto (exchange suffix rule),
JAPAN TOBACCO INC.,XWBO,JAT,2914.T,manual override,
"NEXON Co., Ltd.",OTCM,NEXOY,NEXOY,auto (exchange suffix rule),
"IBIDEN CO.,LTD.",XFRA,IBI,IBI.F,auto (exchange suffix rule),
"Shin-Etsu Chemical Co., Ltd.",XFRA,SEH0,SEH0.F,auto (exchange suffix rule),
"Nomura Research Institute, Ltd.",OTCM,NURAF,NURAF,auto (exchange suffix rule),
"Shionogi & Co., Ltd.",XFRA,SH0,SH0.F,auto (exchange suffix rule),
"CHUGAI PHARMACEUTICAL CO., LTD.",OTCM,CHGCY,CHGCY,auto (exchange suffix rule),
TERUMO CORPORATION,XFRA,TUO0,TUO0.F,auto (exchange suffix rule),
"DAIICHI SANKYO COMPANY, LIMITED",XFRA,D4S,D4S.F,auto (exchange suffix rule),
OTSUKA CORPORATION,XFRA,OTK,OTK.F,auto (exchange suffix rule),
"The Yokohama Rubber Company, Limited",XFRA,YRB,YRB.F,auto (exchange suffix rule),
BRIDGESTONE CORPORATION,XFRA,BGT,BGT.F,auto (exchange suffix rule),
"Furukawa Electric Co., Ltd.",XFRA,FKA,FKA.F,auto (exchange suffix rule),
"Sumitomo Electric Industries, Ltd.",XFRA,SMO,SMO.F,auto (exchange suffix rule),
Fujikura Ltd.,OTCM,FJIKY,FJIKY,auto (exchange suffix rule),
"Recruit Holdings Co.,Ltd.",XFRA,1RHA,1RHA.F,auto (exchange suffix rule),
DISCO CORPORATION,XFRA,D650,D650.F,auto (exchange suffix rule),
SAN MIGUEL CORPORATION,XPHS,SMC,SMC.PS,"auto (exchange suffix rule) - Yahoo coverage of Philippine Stock Exchange is inconsistent, verify",
KOMATSU LTD.,XFRA,KOM1,KOM1.F,auto (exchange suffix rule),
EBARA CORPORATION,XFRA,EAR,EAR.F,auto (exchange suffix rule),
"DAIKIN INDUSTRIES,LTD.",XFRA,DKIA,DKIA.F,auto (exchange suffix rule),
Mitsubishi Electric Corporation,OTCM,MIELY,MIELY,auto (exchange suffix rule),
"FUJI ELECTRIC CO., LTD.",XFRA,FJE,FJE.F,auto (exchange suffix rule),
YASKAWA Electric Corporation,XFRA,YEC0,YEC0.F,auto (exchange suffix rule),
NINE ENTERTAINMENT CO. HOLDINGS LIMITED,XASX,NEC,NEC.AX,auto (exchange suffix rule),
Fujitsu Limited,XFRA,FUJ1,FUJ1.F,auto (exchange suffix rule),
Renesas Electronics Corporation,XFRA,NEN0,NEN0.F,auto (exchange suffix rule),
Panasonic Holdings Corporation,XFRA,MAT,MAT.F,auto (exchange suffix rule),
Sony Group Corporation,XWBO,SON1,6758.T,manual override,
TDK CORPORATION,XFRA,TDK,TDK.F,auto (exchange suffix rule),
ADVANTEST CORPORATION,XFRA,VANA,VANA.F,auto (exchange suffix rule),
KEYENCE CORPORATION,XFRA,KEE,KEE.F,auto (exchange suffix rule),
DENSO CORPORATION,XFRA,DNOA,DNOA.F,auto (exchange suffix rule),
Lasertec Corporation,XFRA,6K8,6K8.F,auto (exchange suffix rule),
FANUC CORPORATION,XFRA,FUCA,FUCA.F,auto (exchange suffix rule),
"TAIYO YUDEN CO., LTD.",XFRA,TYC1,TYC1.F,auto (exchange suffix rule),
"Murata Manufacturing Co., Ltd.",XMEX,6981N,6981.T,manual override,
NITTO DENKO CORPORATION,OTCM,NDEKF,NDEKF,auto (exchange suffix rule),
"Mitsubishi Heavy Industries, Ltd.",OTCM,MHVYF,MHVYF,auto (exchange suffix rule),
IHI Corporation,XFRA,IWJ,IWJ.F,auto (exchange suffix rule),
SUZUKI MOTOR CORPORATION,XFRA,SUK0,SUK0.F,auto (exchange suffix rule),
"RYOHIN KEIKAKU CO., LTD.",XFRA,3RKU,3RKU.F,auto (exchange suffix rule),
"PAR PACIFIC HOLDINGS, INC.",XNYS,PARR,PARR,auto (exchange suffix rule),
OLYMPUS CORPORATION,XFRA,OLY1,OLY1.F,auto (exchange suffix rule),
"SCREEN Holdings Co.,Ltd.",XFRA,DAO,DAO.F,auto (exchange suffix rule),
HOYA CORPORATION,XFRA,HYB,HYB.F,auto (exchange suffix rule),
Bandai Namco Holdings Inc.,XFRA,N9B,N9B.F,auto (exchange suffix rule),
"Nintendo Co., Ltd.",OTCM,NTDOF,NTDOF,auto (exchange suffix rule),
TOYOTA TSUSHO CORPORATION,XFRA,9TO,9TO.F,auto (exchange suffix rule),
"MITSUI & CO., LTD.",XFRA,MTS1,MTS1.F,auto (exchange suffix rule),
Tokyo Electron Limited,OTCM,TOELF,TOELF,auto (exchange suffix rule),
Mitsubishi Corporation,XFRA,MBI,MBI.F,auto (exchange suffix rule),
"Japan Exchange Group, Inc.",XFRA,OSKU,OSKU.F,auto (exchange suffix rule),
"NIPPON EXPRESS HOLDINGS, INC.",XFRA,L3W,L3W.F,auto (exchange suffix rule),
KDDI CORPORATION,XMEX,9433N,9433.T,manual override,
KONAMI GROUP CORPORATION,XMEX,9766N,9766.T,manual override,
"FAST RETAILING CO., LTD.",XMEX,9983N,9983.T,manual override,
"AGILENT TECHNOLOGIES, INC.",XNYS,A,A,auto (exchange suffix rule),
AIRTEL AFRICA PLC,XMEX,AAFN,AAF.L,manual override,
APPLE INC.,XNAS,AAPL,AAPL,auto (exchange suffix rule),
Abb Ltd,XSWX,ABBN,ABBN.SW,auto (exchange suffix rule),
ABBVIE INC.,XNYS,ABBV,ABBV,auto (exchange suffix rule),
Anheuser-Busch Inbev SA,XBRU,ABI,ABI.BR,auto (exchange suffix rule),
ACCENTURE PUBLIC LIMITED COMPANY,XNYS,ACN,ACN,auto (exchange suffix rule),
ACS Actividades de Construccion y Servicios SA,BMEX,ACS,ACS.MC,auto (exchange suffix rule),
"ANALOG DEVICES, INC.",XNAS,ADI,ADI,auto (exchange suffix rule),
ADOBE INC.,XNAS,ADBE,ADBE,auto (exchange suffix rule),
Addtech AB,XSTO,ADDT B,ADDT-B.ST,manual override,
"ANALOG DEVICES, INC.",XNAS,ADI,ADI,auto (exchange suffix rule),yes
"AUTOMATIC DATA PROCESSING, INC.",XNAS,ADP,ADP,auto (exchange suffix rule),
Adidas AG,XFRA,ADS,ADS.F,auto (exchange suffix rule),
"AUTODESK, INC.",XNAS,ADSK,ADSK,auto (exchange suffix rule),
Adyen NV,XAMS,ADYEN,ADYEN.AS,auto (exchange suffix rule),
Airbus SE,XETR,AIR,AIR.DE,auto (exchange suffix rule),
ARTHUR J. GALLAGHER & CO.,XNYS,AJG,AJG,auto (exchange suffix rule),
"ALPS ALPINE CO., LTD.",XFRA,ALE,ALE.F,auto (exchange suffix rule),
Alfa Laval AB,XSTO,ALFA,ALFA.ST,auto (exchange suffix rule),
"ALIGN TECHNOLOGY, INC.",XNAS,ALGN,ALGN,auto (exchange suffix rule),
ALLEGION PUBLIC LIMITED COMPANY,XNYS,ALLE,ALLE,auto (exchange suffix rule),
PALAMINA CORP.,XTSX,PA,PA.V,auto (exchange suffix rule),
"APPLIED MATERIALS, INC.",XNAS,AMAT,AMAT,auto (exchange suffix rule),
"ADVANCED MICRO DEVICES, INC.",XNAS,AMD,AMD,auto (exchange suffix rule),
"AMETEK, INC.",XNYS,AME,AME,auto (exchange suffix rule),
AMGEN INC.,XNAS,AMGN,AMGN,auto (exchange suffix rule),
ams-OSRAM AG,XSWX,AMS,AMS.SW,auto (exchange suffix rule),
"AMAZON.COM, INC.",XNAS,AMZN,AMZN,auto (exchange suffix rule),
Andritz AG,XWBO,ANDR,ANDR.VI,auto (exchange suffix rule),
"ARISTA NETWORKS, INC.",XNYS,ANET,ANET,auto (exchange suffix rule),
AON PUBLIC LIMITED COMPANY,XNYS,AON,AON,auto (exchange suffix rule),
A. O. SMITH CORPORATION,XNYS,AOS,AOS,auto (exchange suffix rule),
APA CORPORATION,XNAS,APA,APA,auto (exchange suffix rule),
AMPHENOL CORPORATION,XNYS,APH,APH,auto (exchange suffix rule),
APPLOVIN CORPORATION,XNAS,APP,APP,auto (exchange suffix rule),
argenx SE,XNAS,ARGX,ARGX,auto (exchange suffix rule),
ASM International NV,XAMS,ASM,ASM.AS,auto (exchange suffix rule),
ASML Holding NV,XAMS,ASML,ASML.AS,auto (exchange suffix rule),
Assa Abloy AB,XSTO,ASSA B,ASSA-B.ST,manual override,
Atlas Copco AB,XSTO,ATCO A,ATCO-A.ST,manual override,
Broadcom Yld Shars Purpose ETF,NEOE,YAVG,YAVG.NE,auto (exchange suffix rule),
ASTRAZENECA PLC,XNYS,AZN,AZN,auto (exchange suffix rule),
"AUTOZONE, INC.",XNYS,AZO,AZO,auto (exchange suffix rule),
BAE SYSTEMS PLC,XLON,BA.,BA.L,manual override,
BALL CORPORATION,XNYS,BALL,BALL,auto (exchange suffix rule),
"BEST BUY CO., INC.",XNYS,BBY,BBY,auto (exchange suffix rule),
Brunello Cucinelli SpA,XMIL,BC,BC.MI,auto (exchange suffix rule),
BELIMO Holding Ltd,XSWX,BEAN,BEAN.SW,auto (exchange suffix rule),
Beiersdorf AG,XFRA,BEI,BEI.F,auto (exchange suffix rule),
BE Semiconductor Industries NV,XAMS,BESI,BESI.AS,auto (exchange suffix rule),
Banca Generali SpA,XMIL,BGN,BGN.MI,auto (exchange suffix rule),
BOOKING HOLDINGS INC.,XNAS,BKNG,BKNG,auto (exchange suffix rule),
BAKER HUGHES COMPANY,XNAS,BKR,BKR,auto (exchange suffix rule),
"BLACKROCK, INC.",XNYS,BLK,BLK,auto (exchange suffix rule),
Banca Mediolanum SpA,XMIL,BMED,BMED.MI,auto (exchange suffix rule),
BUNZL PUBLIC LIMITED COMPANY,XFRA,BUZ,BUZ.F,auto (exchange suffix rule),
Bollore SE,XPAR,BOL,BOL.PA,auto (exchange suffix rule),
BOSTON SCIENTIFIC CORPORATION,XNYS,BSX,BSX,auto (exchange suffix rule),
BT GROUP PLC,XLON,BT.A,BT-A.L,manual override,
Bureau Veritas SA,XPAR,BVI,BVI.PA,auto (exchange suffix rule),
Carrefour SA,XPAR,CA,CA.PA,auto (exchange suffix rule),
Capgemini SE,XPAR,CAP,CAP.PA,auto (exchange suffix rule),
"CASEY'S GENERAL STORES, INC.",XNAS,CASY,CASY,auto (exchange suffix rule),
CAT STRATEGIC METALS CORPORATION,NEOE,CAT,CAT.NE,auto (exchange suffix rule),
"CBOE GLOBAL MARKETS, INC.",BATS,CBOE,CBOE,auto (exchange suffix rule),
"CBRE GROUP, INC.",XNYS,CBRE,CBRE,auto (exchange suffix rule),
CCH Holdings Ltd,XNAS,CCHH,CCHH,auto (exchange suffix rule),
"CADENCE DESIGN SYSTEMS, INC.",XNAS,CDNS,CDNS,auto (exchange suffix rule),
CD Projekt SA,XWAR,CDR,CDR.WA,auto (exchange suffix rule),
"CF INDUSTRIES HOLDINGS, INC.",XNYS,CF,CF,auto (exchange suffix rule),
"CULLEN/FROST BANKERS, INC.",XNYS,CFR,CFR,auto (exchange suffix rule),
"CHURCH & DWIGHT CO., INC.",XNYS,CHD,CHD,auto (exchange suffix rule),
"C.H. ROBINSON WORLDWIDE, INC.",XNAS,CHRW,CHRW,auto (exchange suffix rule),
THE CIGNA GROUP,XNYS,CI,CI,auto (exchange suffix rule),
CIENA CORPORATION,XNYS,CIEN,CIEN,auto (exchange suffix rule),
COLGATE-PALMOLIVE COMPANY,XNYS,CL,CL,auto (exchange suffix rule),
CME GROUP INC.,XNAS,CME,CME,auto (exchange suffix rule),
"CHIPOTLE MEXICAN GRILL, INC.",XNYS,CMG,CMG,auto (exchange suffix rule),
CUMMINS INC.,XNYS,CMI,CMI,auto (exchange suffix rule),
CAPITAL ONE FINANCIAL CORPORATION,XNYS,COF,COF,auto (exchange suffix rule),
Coherent Corp.,XNYS,COHR,COHR,auto (exchange suffix rule),
CONOCOPHILLIPS,XNYS,COP,COP,auto (exchange suffix rule),
"CENCORA, INC.",XNYS,COR,COR,auto (exchange suffix rule),
COSTCO WHOLESALE CORPORATION,XNAS,COST,COST,auto (exchange suffix rule),
"CORPAY, INC.",XNYS,CPAY,CPAY,auto (exchange suffix rule),
COMPASS GROUP PLC,XLON,CPG,CPG.L,auto (exchange suffix rule),
"COPART, INC.",XNAS,CPRT,CPRT,auto (exchange suffix rule),
CRH PUBLIC LIMITED COMPANY,XNYS,CRH,CRH,auto (exchange suffix rule),
"CISCO SYSTEMS, INC.",XNAS,CSCO,CSCO,auto (exchange suffix rule),
CSG NV,OTCM,CSGNF,CSGNF,auto (exchange suffix rule),
"COSTAR GROUP, INC.",XNAS,CSGP,CSGP,auto (exchange suffix rule),
CSX Corporation,XNAS,CSX,CSX,auto (exchange suffix rule),
CINTAS CORPORATION,XNAS,CTAS,CTAS,auto (exchange suffix rule),
COGNIZANT TECHNOLOGY SOLUTIONS CORPORATION,XNAS,CTSH,CTSH,auto (exchange suffix rule),
"CORTEVA, INC.",XNYS,CTVA,CTVA,auto (exchange suffix rule),
CVC CAPITAL PARTNERS PLC,XWBO,CVC,CVC.AS,manual override,
CVS HEALTH CORPORATION,XNYS,CVS,CVS,auto (exchange suffix rule),
CHEVRON CORPORATION,XNYS,CVX,CVX,auto (exchange suffix rule),
"DELTA AIR LINES, INC.",XNYS,DAL,DAL,auto (exchange suffix rule),
Deutsche Boerse AG,XFRA,DB1,DB1.F,auto (exchange suffix rule),
DIGITALX LTD,XASX,DCC,DCC.AX,auto (exchange suffix rule),
DEERE & COMPANY,XNYS,DE,DE,auto (exchange suffix rule),
DECKERS OUTDOOR CORPORATION,XNYS,DECK,DECK,auto (exchange suffix rule),
DELL TECHNOLOGIES INC.,XNYS,DELL,DELL,auto (exchange suffix rule),
Demant A/S,XETR,WDH1,WDH1.DE,auto (exchange suffix rule),
Vinci SA,XPAR,DG,DG.PA,auto (exchange suffix rule),
QUEST DIAGNOSTICS INCORPORATED,XNYS,DGX,DGX,auto (exchange suffix rule),
Deutsche Post AG,XETR,DHL,DHL.DE,auto (exchange suffix rule),
DANAHER CORPORATION,XNYS,DHR,DHR,auto (exchange suffix rule),
De' Longhi SpA,XMIL,DLG,DLG.MI,auto (exchange suffix rule),
Dino Polska SA,XWAR,DNP,DNP.WA,auto (exchange suffix rule),
DOVER CORPORATION,XNYS,DOV,DOV,auto (exchange suffix rule),
DIPLOMA PLC,XLON,DPLM,DPLM.L,auto (exchange suffix rule),
Dassault Systemes SE,XFRA,DSY,DSY.F,auto (exchange suffix rule),
Daimler Truck Holding AG,XFRA,DTG,DTG.F,auto (exchange suffix rule),
DAVITA INC.,XNYS,DVA,DVA,auto (exchange suffix rule),
DEVON ENERGY CORPORATION,XNYS,DVN,DVN,auto (exchange suffix rule),
"DEXCOM, INC.",XNAS,DXCM,DXCM,auto (exchange suffix rule),
EBAY INC.,XNAS,EBAY,EBAY,auto (exchange suffix rule),
ECOLAB INC.,XNYS,ECL,ECL,auto (exchange suffix rule),
Edenred SE,XPAR,EDEN,EDEN.PA,auto (exchange suffix rule),
ENDEAVOUR GROUP LIMITED,XASX,EDV,EDV.AX,auto (exchange suffix rule),
Elisa Oyj,XHEL,ELISA,ELISA.HE,auto (exchange suffix rule),
"ELEVANCE HEALTH, INC.",XNYS,ELV,ELV,auto (exchange suffix rule),
"EMCOR GROUP, INC.",XNYS,EME,EME,auto (exchange suffix rule),
Ems Chemie Holding AG,XSWX,EMSN,EMSN.SW,auto (exchange suffix rule),
Bouygues SA,XPAR,EN,EN.PA,auto (exchange suffix rule),
Siemens Energy AG,XFRA,ENR,ENR.F,auto (exchange suffix rule),
Euronext NV,XFRA,ENX,ENX.F,auto (exchange suffix rule),
"EOG RESOURCES, INC.",XNYS,EOG,EOG,auto (exchange suffix rule),
EQT CORPORATION,XNYS,EQT,EQT,auto (exchange suffix rule),
EATON CORPORATION PUBLIC LIMITED COMPANY,XNYS,ETN,ETN,auto (exchange suffix rule),
Evotec SE,XNAS,EVO,EVO,auto (exchange suffix rule),
"Evergy, Inc.",XNAS,EVRG,EVRG,auto (exchange suffix rule),
EDWARDS LIFESCIENCES CORPORATION,XNYS,EW,EW,auto (exchange suffix rule),
"EXPEDITORS INTERNATIONAL OF WASHINGTON, INC.",XNYS,EXPD,EXPD,auto (exchange suffix rule),
"EXPEDIA GROUP, INC.",XNAS,EXPE,EXPE,auto (exchange suffix rule),
EXPERIAN PLC,XLON,EXPN,EXPN.L,auto (exchange suffix rule),
FORD MOTOR COMPANY,XNYS,F,F,auto (exchange suffix rule),
FASTENAL COMPANY,XNAS,FAST,FAST,auto (exchange suffix rule),
FinecoBank Banca Fineco SpA,XMIL,FBK,FBK.MI,auto (exchange suffix rule),
FREEPORT-MCMORAN INC.,XNYS,FCX,FCX,auto (exchange suffix rule),
FACTSET RESEARCH SYSTEMS INC.,XNYS,FDS,FDS,auto (exchange suffix rule),
"F5, INC.",XNAS,FFIV,FFIV,auto (exchange suffix rule),
FAIR ISAAC CORPORATION,XNYS,FICO,FICO,auto (exchange suffix rule),
"COMFORT SYSTEMS USA, INC.",XNYS,FIX,FIX,auto (exchange suffix rule),
Fresenius Medical Care AG,XFRA,FME,FME.F,auto (exchange suffix rule),
FOX CORPORATION,XNAS,FOX,FOX,auto (exchange suffix rule),
FOX CORPORATION,XNAS,FOXA,FOXA,auto (exchange suffix rule),yes
Fresenius SE & Co KGaA,XETR,FRE,FRE.DE,auto (exchange suffix rule),
FRESNILLO PLC,XLON,FRES,FRES.L,auto (exchange suffix rule),
FRONTLINE PLC,XNYS,FRO,FRO,auto (exchange suffix rule),
"FIRST SOLAR, INC.",XNAS,FSLR,FSLR,auto (exchange suffix rule),
"FORTINET, INC.",XNAS,FTNT,FTNT,auto (exchange suffix rule),
GEA Group AG,XETR,G1A,G1A.DE,auto (exchange suffix rule),
GENERAL DYNAMICS CORPORATION,XNYS,GD,GD,auto (exchange suffix rule),
GODADDY INC.,XNYS,GDDY,GDDY,auto (exchange suffix rule),
Geberit AG,XSWX,GEBN,GEBN.SW,auto (exchange suffix rule),
GE HEALTHCARE TECHNOLOGIES INC.,XNAS,GEHC,GEHC,auto (exchange suffix rule),
GE VERNOVA INC.,XNYS,GEV,GEV,auto (exchange suffix rule),
"GILEAD SCIENCES, INC.",XNAS,GILD,GILD,auto (exchange suffix rule),
Givaudan Ltd,XSWX,GIVN,GIVN.SW,auto (exchange suffix rule),
CORNING INCORPORATED,XNYS,GLW,GLW,auto (exchange suffix rule),
GENERAC HOLDINGS INC.,XNYS,GNRC,GNRC,auto (exchange suffix rule),
ALPHABET INC.,XNAS,GOOG,GOOG,auto (exchange suffix rule),
ALPHABET INC.,XNAS,GOOGL,GOOGL,auto (exchange suffix rule),yes
Garmin Ltd,XNYS,GRMN,GRMN,auto (exchange suffix rule),
GSK PLC,XLON,GSK,GSK.L,auto (exchange suffix rule),
Gaztransport et Technigaz SA,XWBO,GTT,GTT.PA,manual override,
"W.W. GRAINGER, INC.",XNYS,GWW,GWW,auto (exchange suffix rule),
HALLIBURTON COMPANY,XWBO,HAL,HAL,manual override,
"HCA HEALTHCARE, INC.",XNYS,HCA,HCA,auto (exchange suffix rule),
"THE HOME DEPOT, INC.",XNYS,HD,HD,auto (exchange suffix rule),
HALMA PUBLIC LIMITED COMPANY,XLON,HLMA,HLMA.L,auto (exchange suffix rule),
HILTON WORLDWIDE HOLDINGS INC.,XNYS,HLT,HLT,auto (exchange suffix rule),
Thales SA,XPAR,HO,HO.PA,auto (exchange suffix rule),
Hochtief AG,XFRA,HOT,HOT.F,auto (exchange suffix rule),
HP INC.,XNYS,HPQ,HPQ,auto (exchange suffix rule),
THE HERSHEY COMPANY,XNYS,HSY,HSY,auto (exchange suffix rule),
HUBBELL INCORPORATED,XNYS,HUBB,HUBB,auto (exchange suffix rule),
HOWMET AEROSPACE INC.,XNYS,HWM,HWM,auto (exchange suffix rule),
IAMGOLD CORPORATION,XNYS,IAG,IAG,auto (exchange suffix rule),
"INTERCONTINENTAL EXCHANGE, INC.",XNYS,ICE,ICE,auto (exchange suffix rule),
"Idaho Strategic Resources, Inc.",XNYS,IDR,IDR,auto (exchange suffix rule),
"IDEXX LABORATORIES, INC.",XNAS,IDXX,IDXX,auto (exchange suffix rule),
IDEX CORPORATION,XNYS,IEX,IEX,auto (exchange suffix rule),
Infineon Technologies AG,XFRA,IFX,IFX.F,auto (exchange suffix rule),
LOEWS CORPORATION,XNYS,L,L,auto (exchange suffix rule),
IMPERIAL BRANDS PLC,XLON,IMB,IMB.L,auto (exchange suffix rule),
IMI PLC,XLON,IMI,IMI.L,auto (exchange suffix rule),
INCYTE CORPORATION,XNAS,INCY,INCY,auto (exchange suffix rule),
Indutrade AB,XSTO,INDT,INDT.ST,auto (exchange suffix rule),
INTUIT INC.,XNAS,INTU,INTU,auto (exchange suffix rule),
Ipsen SA,XPAR,IPN,IPN.PA,auto (exchange suffix rule),
IQVIA HOLDINGS INC,XNYS,IQV,IQV,auto (exchange suffix rule),
INGERSOLL RAND INC.,XNYS,IR,IR,auto (exchange suffix rule),
"INTUITIVE SURGICAL, INC.",XNAS,ISRG,ISRG,auto (exchange suffix rule),
"GARTNER, INC.",XNYS,IT,IT,auto (exchange suffix rule),
INTERTEK GROUP PLC,XLON,ITRK,ITRK.L,auto (exchange suffix rule),
ILLINOIS TOOL WORKS INC.,XNYS,ITW,ITW,auto (exchange suffix rule),
Industria de Diseno Textil SA,BMEX,ITX,ITX.MC,auto (exchange suffix rule),
INVESCO LTD,XNYS,IVZ,IVZ,auto (exchange suffix rule),
"J. B. HUNT TRANSPORT SERVICES, INC.",XNAS,JBHT,JBHT,auto (exchange suffix rule),
JABIL INC.,XNYS,JBL,JBL,auto (exchange suffix rule),
JOHNSON CONTROLS INTERNATIONAL PUBLIC LIMITED COMPANY,XNYS,JCI,JCI,auto (exchange suffix rule),
"JACK HENRY & ASSOCIATES, INC.",XNAS,JKHY,JKHY,auto (exchange suffix rule),
Jeronimo Martins SGPS SA,XLIS,JMT,JMT.LS,auto (exchange suffix rule),
JOHNSON & JOHNSON,XNYS,JNJ,JNJ,auto (exchange suffix rule),
Knorr Bremse AG,XFRA,KBX,KBX.F,auto (exchange suffix rule),
Konecranes Oyj,XHEL,KCR,KCR.HE,auto (exchange suffix rule),
Kesko Corporation,XHEL,KESKOB,KESKOB.HE,auto (exchange suffix rule),
"KEYSIGHT TECHNOLOGIES, INC.",XNYS,KEYS,KEYS,auto (exchange suffix rule),
KGHM Polska Miedz SA,XWAR,KGH,KGH.WA,auto (exchange suffix rule),
KLA CORPORATION,XNAS,KLAC,KLAC,auto (exchange suffix rule),
KIMBERLY-CLARK CORPORATION,XNAS,KMB,KMB,auto (exchange suffix rule),
KONE Corporation,XHEL,KNEBV,KNEBV.HE,auto (exchange suffix rule),
Kuhne + Nagel International Ltd.,XSWX,KNIN,KNIN.SW,auto (exchange suffix rule),
THE COCA-COLA COMPANY,XNYS,KO,KO,auto (exchange suffix rule),
Kongsberg Gruppen ASA,XOSL,KOG,KOG.OL,auto (exchange suffix rule),
"KSPCO.,LTD",XKRX,073010,073010.KS,manual override,
KENVUE INC.,XNYS,KVUE,KVUE,auto (exchange suffix rule),
Leonardo SpA,XMIL,LDO,LDO.MI,auto (exchange suffix rule),
"LEIDOS HOLDINGS, INC.",XNYS,LDOS,LDOS,auto (exchange suffix rule),
LENNAR CORPORATION,XNYS,LEN,LEN,auto (exchange suffix rule),
LABCORP HOLDINGS INC.,XNYS,LH,LH,auto (exchange suffix rule),
Deutsche Lufthansa AG,XETR,LHA,LHA.DE,auto (exchange suffix rule),
LENNOX INTERNATIONAL INC.,XNYS,LII,LII,auto (exchange suffix rule),
ELI LILLY AND COMPANY,XNYS,LLY,LLY,auto (exchange suffix rule),
LOCKHEED MARTIN CORPORATION,XNYS,LMT,LMT,auto (exchange suffix rule),
Logitech international SA,XSWX,LOGN,LOGN.SW,auto (exchange suffix rule),
Lonza Group Ltd,XSWX,LONN,LONN.SW,auto (exchange suffix rule),
Lotus Bakeries NV,XBRU,LOTB,LOTB.BR,auto (exchange suffix rule),
"LOWE'S COMPANIES, INC.",XNYS,LOW,LOW,auto (exchange suffix rule),
Lpp SA,XWAR,LPP,LPP.WA,auto (exchange suffix rule),
LAM RESEARCH CORPORATION,XNAS,LRCX,LRCX,auto (exchange suffix rule),
LONDON STOCK EXCHANGE GROUP PLC,XLON,LSEG,LSEG.L,auto (exchange suffix rule),
Lottomatica Group SpA,XMIL,LTMC,LTMC.MI,auto (exchange suffix rule),
LULULEMON ATHLETICA INC.,XNAS,LULU,LULU,auto (exchange suffix rule),
MASTERCARD INCORPORATED,XNYS,MA,MA,auto (exchange suffix rule),
"MARRIOTT INTERNATIONAL, INC.",XNAS,MAR,MAR,auto (exchange suffix rule),
MASCO CORPORATION,XNYS,MAS,MAS,auto (exchange suffix rule),
Mercedes-Benz Group AG,XFRA,MBG,MBG.F,auto (exchange suffix rule),
MCKESSON CORPORATION,XNYS,MCK,MCK,auto (exchange suffix rule),
MOODY'S CORPORATION,XNYS,MCO,MCO,auto (exchange suffix rule),
MEDTRONIC PUBLIC LIMITED COMPANY,XNYS,MDT,MDT,auto (exchange suffix rule),
"META PLATFORMS, INC.",XNAS,META,META,auto (exchange suffix rule),
Metso Oyj,XHEL,METSO,METSO.HE,auto (exchange suffix rule),
"MCCORMICK & COMPANY, INCORPORATED",XNYS,MKC,MKC,auto (exchange suffix rule),
Compagnie Generale des Etablissements Michelin SCA,XPAR,ML,ML.PA,auto (exchange suffix rule),
MCFARLANE LAKE MINING LIMITED,XCNQ,MLM,MLM.CN,auto (exchange suffix rule),
3M COMPANY,XNYS,MMM,MMM,auto (exchange suffix rule),
MONSTER BEVERAGE CORPORATION,XNAS,MNST,MNST,auto (exchange suffix rule),
"Altria Group, Inc.",XNYS,MO,MO,auto (exchange suffix rule),
Moncler SpA,XMIL,MONC,MONC.MI,auto (exchange suffix rule),
Mowi ASA,XOSL,MOWI,MOWI.OL,auto (exchange suffix rule),
MARATHON PETROLEUM CORPORATION,XNYS,MPC,MPC,auto (exchange suffix rule),
Merck KGaA,XFRA,MRK,MRK.F,auto (exchange suffix rule),
MELROSE INDUSTRIES PLC,XLON,MRO,MRO.L,auto (exchange suffix rule),
"MARSH & MCLENNAN COMPANIES, INC.",XNYS,MRSH,MRSH,auto (exchange suffix rule),
MSCI INC.,XNYS,MSCI,MSCI,auto (exchange suffix rule),
MICROSOFT CORPORATION,XNAS,MSFT,MSFT,auto (exchange suffix rule),
"MOTOROLA SOLUTIONS, INC.",XNYS,MSI,MSI,auto (exchange suffix rule),
Montana Aerospace AG,XLON,0AAI,AERO.SW,manual override,
METTLER-TOLEDO INTERNATIONAL INC.,XNYS,MTD,MTD,auto (exchange suffix rule),
MTU Aero Engines AG,XFRA,MTX,MTX.F,auto (exchange suffix rule),
"MICRON TECHNOLOGY, INC.",XNAS,MU,MU,auto (exchange suffix rule),
Aurubis AG,XETR,NDA,NDA.DE,auto (exchange suffix rule),
"NASDAQ, INC.",XNAS,NDAQ,NDAQ,auto (exchange suffix rule),
NORDSON CORPORATION,XNAS,NDSN,NDSN,auto (exchange suffix rule),
Nordex SE,XFRA,NDX1,NDX1.F,auto (exchange suffix rule),
NEWMONT CORPORATION,XNYS,NEM,NEM,auto (exchange suffix rule),
Nemetschek SE,XFRA,NEM,NEM.F,auto (exchange suffix rule),
Neste Oyj,XHEL,NESTE,NESTE.HE,auto (exchange suffix rule),
"NETFLIX, INC.",XNAS,NFLX,NFLX,auto (exchange suffix rule),
"NIKE, INC.",XFRA,NKE,NKE.F,auto (exchange suffix rule),
Nkt A/S,XETR,NKT,NKT.DE,auto (exchange suffix rule),
Novartis Inc.,XSWX,NOVN,NOVN.SW,auto (exchange suffix rule),
"NETAPP, INC.",XNAS,NTAP,NTAP,auto (exchange suffix rule),
NUCOR CORPORATION,XNYS,NUE,NUE,auto (exchange suffix rule),
NVIDIA CORPORATION,XNAS,NVDA,NVDA,auto (exchange suffix rule),
"NVR, Inc.",XNYS,NVR,NVR,auto (exchange suffix rule),
NXP Semiconductors NV,XNAS,NXPI,NXPI,auto (exchange suffix rule),
NEXTPOWER INC.,XNAS,NXT,NXT,auto (exchange suffix rule),
"OLD DOMINION FREIGHT LINE, INC.",XNAS,ODFL,ODFL,auto (exchange suffix rule),
OMNICOM GROUP INC.,XNYS,OMC,OMC,auto (exchange suffix rule),
ON SEMICONDUCTOR CORPORATION,XNAS,ON,ON,auto (exchange suffix rule),
PALAMINA CORP.,XTSX,PA,PA.V,auto (exchange suffix rule),yes
Orkla ASA,XOSL,ORK,ORK.OL,auto (exchange suffix rule),
"O'Reilly Automotive, Inc.",XNAS,ORLY,ORLY,auto (exchange suffix rule),
Orion Oyj,XHEL,ORNBV,ORNBV.HE,auto (exchange suffix rule),
PACCAR INC,XNAS,PCAR,PCAR,auto (exchange suffix rule),
"Pepsico, Inc.",XNAS,PEP,PEP,auto (exchange suffix rule),
THE PROCTER & GAMBLE COMPANY,XNYS,PG,PG,auto (exchange suffix rule),
Partners Group Holding AG,XSWX,PGHN,PGHN.SW,auto (exchange suffix rule),
PARKER-HANNIFIN CORPORATION,XNYS,PH,PH,auto (exchange suffix rule),
"PULTEGROUP, INC.",XNYS,PHM,PHM,auto (exchange suffix rule),
Pirelli and C. S.p.a,XMIL,PIRC,PIRC.MI,auto (exchange suffix rule),
PACKAGING CORPORATION OF AMERICA,XNYS,PKG,PKG,auto (exchange suffix rule),
Orlen SA,XWAR,PKN,PKN.WA,auto (exchange suffix rule),
Philip Morris International Inc.,XNYS,PM,PM,auto (exchange suffix rule),
Pandora A/S,XCSE,PNDORA,PNDORA.CO,auto (exchange suffix rule),
PENTAIR PUBLIC LIMITED COMPANY,XNYS,PNR,PNR,auto (exchange suffix rule),
INSULET CORPORATION,XNAS,PODD,PODD,auto (exchange suffix rule),
Prysmian SpA,XMIL,PRY,PRY.MI,auto (exchange suffix rule),
PUBLIC STORAGE.,XNYS,PSA,PSA,auto (exchange suffix rule),
PHILLIPS 66,XNYS,PSX,PSX,auto (exchange suffix rule),
PTC INC.,XNAS,PTC,PTC,auto (exchange suffix rule),
PANCONTINENTAL ENERGY NL,XFRA,PUB,PUB.F,auto (exchange suffix rule),
"QUANTA SERVICES, INC.",XNYS,PWR,PWR,auto (exchange suffix rule),
"PAYPAL HOLDINGS, INC.",XNAS,PYPL,PYPL,auto (exchange suffix rule),
QUALCOMM INCORPORATED,XNAS,QCOM,QCOM,auto (exchange suffix rule),
Qiagen NV,XFRA,QIA,QIA.F,auto (exchange suffix rule),
Rational AG,XFRA,RAA,RAA.F,auto (exchange suffix rule),
Ferrari NV,XMIL,RACE,RACE.MI,auto (exchange suffix rule),
"REGENERON PHARMACEUTICALS, INC.",XNAS,REGN,REGN,auto (exchange suffix rule),
RELX PLC,XLON,REL,REL.L,auto (exchange suffix rule),
Rheinmetall AG,XFRA,RHM,RHM.F,auto (exchange suffix rule),
RIO TINTO PLC,XNYS,RIO,RIO,auto (exchange suffix rule),
"RAYMOND JAMES FINANCIAL, INC.",XNYS,RJF,RJF,auto (exchange suffix rule),
RESMED INC.,XNYS,RMD,RMD,auto (exchange suffix rule),
Hermes International SCA,XPAR,RMS,RMS.PA,auto (exchange suffix rule),
Rockwool A/S,XFRA,R903,R903.F,auto (exchange suffix rule),
"ROCKWELL AUTOMATION, INC.",XNYS,ROK,ROK,auto (exchange suffix rule),
"ROLLINS, INC.",XNYS,ROL,ROL,auto (exchange suffix rule),
"ROPER TECHNOLOGIES, INC.",XNAS,ROP,ROP,auto (exchange suffix rule),
"ROPER TECHNOLOGIES, INC.",XNAS,ROP,ROP,auto (exchange suffix rule),yes
"ROSS STORES, INC.",XNAS,ROST,ROST,auto (exchange suffix rule),
ROLLS-ROYCE HOLDINGS PLC,XMEX,RRN,RR.L,manual override,
Rexel SA,XPAR,RXL,RXL.PA,auto (exchange suffix rule),
RYANAIR HOLDINGS PUBLIC LIMITED COMPANY,XDUB,RYA,RYA.IR,auto (exchange suffix rule),
Saab AB,XSTO,SAAB B,SAAB-B.ST,manual override,
Safran SA,XPAR,SAF,SAF.PA,auto (exchange suffix rule),
Sandvik AB,XSTO,SAND,SAND.ST,auto (exchange suffix rule),
SAP SE,XFRA,SAP,SAP.F,auto (exchange suffix rule),
Savencia SA,XPAR,SAVE,SAVE.PA,auto (exchange suffix rule),
STARBUCKS CORPORATION,XNAS,SBUX,SBUX,auto (exchange suffix rule),
THE CHARLES SCHWAB CORPORATION,XNYS,SCHW,SCHW,auto (exchange suffix rule),
Sandoz Group Ltd,XSWX,SDZ,SDZ.SW,auto (exchange suffix rule),
THE SAGE GROUP PLC.,XLON,SGE,SGE.L,auto (exchange suffix rule),
SHELL PLC,XNYS,SHEL,SHEL,auto (exchange suffix rule),
SHELL PLC,XNYS,SHEL,SHEL,auto (exchange suffix rule),yes
THE SHERWIN-WILLIAMS COMPANY,XNYS,SHW,SHW,auto (exchange suffix rule),
Siemens AG,XFRA,SIE,SIE.F,auto (exchange suffix rule),
Sika Ltd,XMEX,SIKAN,SIKA.SW,manual override,
SKF Inc,XFRA,SKFB,SKFB.F,auto (exchange suffix rule),
"SUPER MICRO COMPUTER, INC.",XNAS,SMCI,SMCI,auto (exchange suffix rule),
SMITHS GROUP PLC,XLON,SMIN,SMIN.L,auto (exchange suffix rule),
SNAP-ON INCORPORATED,XNYS,SNA,SNA,auto (exchange suffix rule),
SANDISK CORPORATION,XNAS,SNDK,SNDK,auto (exchange suffix rule),
Swedish Orphan Biovitrum AB (publ),XSTO,SOBI,SOBI.ST,auto (exchange suffix rule),
SOLVENTUM CORPORATION,XNYS,SOLV,SOLV,auto (exchange suffix rule),
Sonova Holding Ltd.,XSWX,SOON,SOON.SW,auto (exchange suffix rule),
SPC GLOBAL HOLDINGS LTD,XASX,SPG,SPG.AX,auto (exchange suffix rule),
Spie SA,XPAR,SPIE,SPIE.PA,auto (exchange suffix rule),
SPACE EXPLORATION TECHNOLOGIES CORP.,XFRA,SPX,,manual override,
SSAB AB,XSTO,SSAB B,SSAB-B.ST,manual override,
STERIS PUBLIC LIMITED COMPANY,XNYS,STE,STE,auto (exchange suffix rule),
"STEEL DYNAMICS, INC.",XNAS,STLD,STLD,auto (exchange suffix rule),
STMicroelectronics NV,XMIL,STMMI,STM.MI,manual override,
Straumann Holding Ltd,XWBO,STMN,STMN.SW,manual override,
SEAGATE TECHNOLOGY HOLDINGS PUBLIC LIMITED COMPANY,XNAS,STX,STX,auto (exchange suffix rule),
STRYKER CORPORATION,XNYS,SYK,SYK,auto (exchange suffix rule),
SYSCO CORPORATION,XNYS,SYY,SYY,auto (exchange suffix rule),
TRANSDIGM GROUP INCORPORATED,XNYS,TDG,TDG,auto (exchange suffix rule),
TELEDYNE TECHNOLOGIES INCORPORATED,XNYS,TDY,TDY,auto (exchange suffix rule),
BIO-TECHNE CORPORATION,XNAS,TECH,TECH,auto (exchange suffix rule),
TE CONNECTIVITY PUBLIC LIMITED COMPANY,XNYS,TEL,TEL,auto (exchange suffix rule),
NFT LIMITED,XNYS,MI,MI,auto (exchange suffix rule),
"TERADYNE, INC.",XMIL,1TER,TER,manual override,
TARGET CORPORATION,XNYS,TGT,TGT,auto (exchange suffix rule),
"THE TJX COMPANIES, INC.",XNYS,TJX,TJX,auto (exchange suffix rule),
THERMO FISHER SCIENTIFIC INCORPORATED,XNYS,TMO,TMO,auto (exchange suffix rule),
"T-MOBILE US, INC.",XNAS,TMUS,TMUS,auto (exchange suffix rule),
TEXAS PACIFIC LAND CORPORATION,XNYS,TPL,TPL,auto (exchange suffix rule),
"TAPESTRY, INC.",XNYS,TPR,TPR,auto (exchange suffix rule),
Technoprobe SpA,XMIL,TPRO,TPRO.MI,auto (exchange suffix rule),
TARGA RESOURCES CORP.,XNYS,TRGP,TRGP,auto (exchange suffix rule),
"T. ROWE PRICE GROUP, INC.",XNAS,TROW,TROW,auto (exchange suffix rule),
TRACTOR SUPPLY COMPANY,XNAS,TSCO,TSCO,auto (exchange suffix rule),
Taiwan Semiconductor Manufacturing Company Limited,XNYS,TSM,TSM,auto (exchange suffix rule),
TRANE TECHNOLOGIES PUBLIC LIMITED COMPANY,XNYS,TT,TT,auto (exchange suffix rule),
"THE TRADE DESK, INC.",XNAS,TTD,TTD,auto (exchange suffix rule),
TotalEnergies SE,XNYS,TTE,TTE,auto (exchange suffix rule),
TEXAS INSTRUMENTS INCORPORATED,XNAS,TXN,TXN,auto (exchange suffix rule),
Text SA,XWAR,TXT,TXT.WA,auto (exchange suffix rule),
"TYLER TECHNOLOGIES, INC.",XNYS,TYL,TYL,auto (exchange suffix rule),
"UBER TECHNOLOGIES, INC.",XNYS,UBER,UBER,auto (exchange suffix rule),
"UNITED COMMUNITY BANKS, INC.",XNYS,UCB,UCB,auto (exchange suffix rule),
The Swatch Group Ltd,XSWX,UHR,UHR.SW,auto (exchange suffix rule),
"UNIVERSAL HEALTH SERVICES, INC.",XNYS,UHS,UHS,auto (exchange suffix rule),
"ULTA BEAUTY, INC.",XNAS,ULTA,ULTA,auto (exchange suffix rule),
UNILEVER PLC,XLON,ULVR,ULVR.L,auto (exchange suffix rule),
Universal Music Group NV,XAMS,UMG,UMG.AS,auto (exchange suffix rule),
UNITEDHEALTH GROUP INCORPORATED,XNYS,UNH,UNH,auto (exchange suffix rule),
UNION PACIFIC CORPORATION,XNYS,UNP,UNP,auto (exchange suffix rule),
"UNITED RENTALS, INC.",XNYS,URI,URI,auto (exchange suffix rule),
VISA INC.,XNYS,V,V,auto (exchange suffix rule),
VAT Group Ltd,XSWX,VACN,VACN.SW,auto (exchange suffix rule),
VEEVA SYSTEMS INC.,XNYS,VEEV,VEEV,auto (exchange suffix rule),
VALERO ENERGY CORPORATION,XNYS,VLO,VLO,auto (exchange suffix rule),
VERALTO CORPORATION,XNYS,VLTO,VLTO,auto (exchange suffix rule),
VULCAN MATERIALS COMPANY,XNYS,VMC,VMC,auto (exchange suffix rule),
voestalpine AG,XWBO,VOE,VOE.VI,auto (exchange suffix rule),
Volvo AB,XSTO,VOLV B,VOLV-B.ST,manual override,
"VERISK ANALYTICS, INC.",XNAS,VRSK,VRSK,auto (exchange suffix rule),
VERTIV HOLDINGS CO,XNYS,VRT,VRT,auto (exchange suffix rule),
VERTEX PHARMACEUTICALS INCORPORATED,XNAS,VRTX,VRTX,auto (exchange suffix rule),
Vestas Wind Systems A/S,XCSE,VWS,VWS.CO,auto (exchange suffix rule),
WESTERN DIGITAL CORPORATION,XNAS,WDC,WDC,auto (exchange suffix rule),
WEIR GROUP PLC(THE),XLON,WEIR,WEIR.L,auto (exchange suffix rule),
Wolters Kluwer NV,XAMS,WKL,WKL.AS,auto (exchange suffix rule),
"WASTE MANAGEMENT, INC.",XNYS,WM,WM,auto (exchange suffix rule),
WALMART INC.,XNAS,WMT,WMT,auto (exchange suffix rule),
Wartsila Oyj Abp,XHEL,WRT1V,WRT1V.HE,auto (exchange suffix rule),
"WILLIAMS-SONOMA, INC.",XNYS,WSM,WSM,auto (exchange suffix rule),
"WEST PHARMACEUTICAL SERVICES, INC.",XNYS,WST,WST,auto (exchange suffix rule),
EXXONMOBIL HOLDINGS CORPORATION,XNYS,XOM,XOM,auto (exchange suffix rule),
XYLEM INC.,XNYS,XYL,XYL,auto (exchange suffix rule),
"BLOCK, INC.",XNYS,XYZ,XYZ,auto (exchange suffix rule),
Yara International ASA,XOSL,YAR,YAR.OL,auto (exchange suffix rule),
"YUM! Brands, Inc.",XNYS,YUM,YUM,auto (exchange suffix rule),
Zabka Group SA,XWAR,ZAB,ZAB.WA,auto (exchange suffix rule),
Zalando SE,XFRA,ZAL,ZAL.F,auto (exchange suffix rule),
ZOETIS INC.,XNYS,ZTS,ZTS,auto (exchange suffix rule),
